[{"id":"6285706666337@s.whatsapp.net","limit":67},{"id":"6285775703896@s.whatsapp.net","limit":3},{"id":"6281231951590@s.whatsapp.net","limit":3},{"id":"6281545463585@s.whatsapp.net","limit":1},{"id":"628886658066@s.whatsapp.net","limit":1},{"id":"6281272598429@s.whatsapp.net","limit":11},{"id":"6282349879912@s.whatsapp.net","limit":3},{"id":"6283136890848@s.whatsapp.net","limit":2},{"id":"6282293271747@s.whatsapp.net","limit":2},{"id":"62887435047326@s.whatsapp.net","limit":1},{"id":"2349037669690@s.whatsapp.net","limit":1}]