[{"id":"62812874133916@s.whatsapp.net","name":"𝐧𝐚𝐲𝐥𝐚𝐜𝐡𝐚𝐧","time":"30/04 05:52:12","serial":"18f0c1531918ba64cede"},{"id":"6285706666337@s.whatsapp.net","name":"GUSTI GANZ","time":"02/06 11:27:36","serial":"21be5d888b01506af26f"},{"id":"6285775703896@s.whatsapp.net","name":"Abidrisqullah 😎","time":"02/06 12:15:54","serial":"e307611c712b150ba46a"},{"id":"6281225814338@s.whatsapp.net","name":"Afis","time":"02/06 18:07:04","serial":"c44e10a99f6dbc19bfa6"},{"id":"6281231951590@s.whatsapp.net","name":"ItsMe...?","time":"02/06 18:07:05","serial":"049b006abf2917c4ed14"},{"id":"6289507825469@s.whatsapp.net","name":"MFS.","time":"02/06 18:07:05","serial":"7ea485599410bcd0207c"},{"id":"6281545463585@s.whatsapp.net","name":"Maulidin","time":"02/06 18:07:09","serial":"217fec46673680380977"},{"id":"6285706666337@s.whatsapp.net","time":"02/06 22:06:48","serial":"c35ab0e8f77c1ff2b70b"},{"id":"6285706666337@s.whatsapp.net","time":"04/06 14:15:04","serial":"53026caa1a2cd787624a"},{"id":"628886658066@s.whatsapp.net","name":"Baim","time":"04/06 17:10:41","serial":"d60cba88f6ee5f73dc46"},{"id":"6281272598429@s.whatsapp.net","name":"WizzlyStore","time":"04/06 18:50:18","serial":"80c29d5ad482b3ff9dfd"},{"id":"6282293271747@s.whatsapp.net","name":"MR. KR3M","time":"05/06 21:09:49","serial":"a0a373debae451f3e739"},{"id":"6285333969563@s.whatsapp.net","name":"Rein•Bot","time":"05/06 22:10:44","serial":"a95e022679feebc9c9fd"},{"id":"6283136890848@s.whatsapp.net","time":"05/06 23:41:44","serial":"1cfc58d4de2e65c5e3a3"},{"id":"6282349879912@s.whatsapp.net","time":"05/06 23:44:07","serial":"4ed1abe7be337380d9ae"},"2349037669690@s.whatsapp.net",{"id":"2349037669690@s.whatsapp.net","name":"e42c30793357956a28b5"},"380944088671@s.whatsapp.net",{"id":"380944088671@s.whatsapp.net","name":"e42c30793357956a28b5"}]