[
    {
    "teks": "Nama : DilaPye Colmek\nFoto : -\nVideo : 1\nSize : 90 MB\nDurasi : 5 Menit\nKualitas : HD\nRate : ⭐⭐⭐⭐\n\nDownload Link\nDownload : https://drive.google.com/file/d/1We9TeG1whjz2bmNCrahctK1-Hiy3BtWN/view \n PASSWORD FILE : AA18+#29",
    "image": "https://i.ibb.co/nMp2kvt/IMG-20210603-165728-204.jpg"
    },
    {
	"teks": "Nama : Missluttyv SMA\nFoto : -\nVideo : 3\nSize : 74 MB\nDurasi : - Menit\nKualitas : HD\nRate : ⭐⭐⭐\n\nDownload Link\nDownload : https://drive.google.com/file/d/1TodhXRAHt6MHMqS2-3DYmCQoIFe7yuI-/view \nPASSWORD FILE : AA18+#21",
	"image": "https://i.ibb.co/zGsVBvk/IMG-20210603-170144-964.jpg"
    },
    {
	"teks": "Nama : Arce\nFoto : 114\nVideo : 16\bSize : 64 MB\nDurasi : - Menit\nKualitas : HD\nRate : ⭐⭐⭐⭐\n\nDownload Link\nDownload : https://drive.google.com/file/d/1SwXbmd2sXnYSNYmn_tdCiaBsHHXjYvQM/view \nPASSWORD FILE : AA18+#6",
	"image": "https://i.ibb.co/gZ85qBL/IMG-20210603-170030-239.jpg"
    },
    {
	"teks": "Nama : Annisa\nFoto : 71\nVideo : 2\nSize : 48 MB\nDurasi : - Menit\nKualitas : HD\nRate : ⭐⭐⭐\n\nDownload Link\nDownload : https://drive.google.com/file/d/1St_Pb9xNZnrSX_fPfaarno6Bpjc3ArUx/view\nPASSWORD FILE : AA18+#5",
	"image": "https://i.ibb.co/b6hd84q/IMG-20210603-165950-169.jpg"
    },
    {
    "teks": "Nama : 038493040494_0[Ws_Gloia]\nFoto : 19\nVideo : 1\nSize : 379 MB\nDurasi : 8 Menit\nKualitas : HD++\nRate : ⭐⭐⭐⭐⭐\n\nDownload Link\nDownload : https://drive.google.com/file/d/1Y0ALFotYLT2F8kKjgxMZ_BFJ6vWKalck/view\nPASSWORD FILE : AA18+#30",
    "image": "https://i.ibb.co/RYg53qJ/IMG-20210603-165910-905.jpg"
    },
    {
    "teks": "Nama : ASD - Ria Bali\nFoto : -\nVideo : 1\nSize : 165 MB\nDurasi : 45 Menit\nKualitas : HD\nRate : ⭐⭐⭐⭐\n\nDownload Link\nDownload : https://drive.google.com/file/d/1T84UWWj1oJlDAMXd-snZr6gP4Yt61P6P/view\nPASSWORD FILE : AA18+#7",
    "image": "https://i.ibb.co/YTZ0TX5/IMG-20210603-170236-124.jpg"
    },
    {
    "teks": "Nama : Nanad Apr\nFoto : 18\nVideo : 23\nSize : 357 MB\nDurasi : - Menit\nKualitas : -\nRate : ⭐⭐⭐\n\nDownload Link\nDownload : https://drive.google.com/file/d/1YO0rvEgbx6Qsrtfm6tTOlvHI7OE5V42p/view\nPASSWORD FILE : AA18+#32",
    "image": "https://i.ibb.co/GsgFhzH/IMG-20210603-165739-371.jpg"
    },
    {
    "teks": "Nama : lily kawai onlyfans\nFoto : 50\nVideo : 7\nSize : 237 MB\nDurasi : - Menit\nKualitas : HD+\nRate : ⭐⭐⭐⭐\n\nDownload Link\nDownload : https://drive.google.com/file/d/1TcK_EH1d2vL4bfVhSBm0el_nhmqh2XCS/view\nPASSWORD FILE : AA18+#17",
    "image": "https://i.ibb.co/8NnTmzS/IMG-20210603-165723-760.jpg"
    },
    {
    "teks": "Nama : Bocil x Tante\nFoto : -\nVideo : 1\nSize : 156 MB\nDurasi : 23 Menit\nKualitas : HD\nRate : ⭐⭐⭐⭐\n\nDownload Link\nDownload : https://drive.google.com/file/d/1amwgPTf_PLIUc43bxivztFrD0xzdg8Tm/view\nPASSWORD FILE : AA18+#33",
    "image": "https://i.ibb.co/fXvHRRJ/IMG-20210603-171159-255.jpg"
    },
    {
    "teks": "Nama : Badbitch_alter\nFoto : -\nVideo : 1\nSize : 170 MB\nDurasi : 26 Menit\nKualitas : HD+\nRate : ⭐⭐⭐⭐⭐\n\nDownload Link\nDownload : https://drive.google.com/file/d/1b2k9RvUeirTzfHBZJkQ9fgw0jJudGP2j/view\nPASSWORD FILE : AA18+#34",
    "image": "https://i.ibb.co/SwRcCpg/IMG-20210603-165634-050.jpg"
    },
    {
    "teks": "Nama : Princess nakal\nFoto : -\nVideo : 1\nSize : 128 MB\nDurasi : 15 Menit\nKualitas : HD\nRate : ⭐⭐⭐\n\nDownload Link\nDownload : https://drive.google.com/file/d/1bj6nNKADyIzSXONZnmXs7c8E_Ln_3KlM/view\nPASSWORD FILE : AA18+#35",
    "image": "https://i.ibb.co/M96xTKL/IMG-20210603-165620-916.jpg"
    },
    {
    "teks": "Nama : weweci\nFoto : -\nVideo : 1\nSize : 180 MB\nDurasi : 21 Menit\nKualitas : HD\nRate : ⭐⭐⭐⭐\n\nDownload Link\nDownload : https://drive.google.com/file/d/1cA-pPAB_WRGRRGxhBDk9ouDiynu17xPg/view\nPASSWORD FILE : AA18+#36",
    "image": "https://i.ibb.co/pJv20XH/IMG-20210603-170154-503.jpg"
    },
    {
    "teks": "Nama : Viral Katanya\nFoto : -\nVideo : 1\nSize : 26 MB\nDurasi : 5 Menit\nKualitas : HD\nRate : ⭐⭐⭐\n\nDownload Link\nDownload : http://www.mediafire.com/file/9o80ka9z61cdtn1/%23Viral_katanya.zip/file",
    "image": "https://i.ibb.co/vCWZWQP/image.png"
    },
    {
    "teks": "Nama : Hijab hitam\nFoto : -\nVideo : 4\nSize : 20 MB\nDurasi : - Menit\nKualitas : HD\nRate : ⭐⭐⭐⭐\n\nDownload Link\nDownload : https://drive.google.com/file/d/1gM7UvH1jzxYek88mQnWBQmou78Gerb_w/view",
    "image": "https://i.ibb.co/St8zm0s/IMG-20210603-165604-860.jpg"
    },
    {
    "teks": "Nama : Syifa\nFoto : 45\nVideo : 25\nSize : 100 MB\nDurasi : - Menit\nKualitas : HD+\nRate : ⭐⭐⭐⭐⭐\n\nDownload Link\nDownload : https://drive.google.com/file/d/1gTjGotGSlpRCZiLKaZ14sOLjBjirntUb/view\nPassword file : AA18+#27",
    "image": "https://i.ibb.co/cgqqSYs/IMG-20210603-165640-811.jpg"
    },
    {
    "teks": "Nama : Danca\nFoto : 18\nVideo : 13\nSize : 100 MB\nDurasi : - Menit\nKualitas : HD+\nRate : ⭐⭐⭐⭐\n\nDownload Link\nDownload : https://drive.google.com/file/d/1hDxgMnQ4ps2DkVhFyc51ApdsavGfqs3B/view\nPassword file : AA18+#38",
    "image": "https://i.ibb.co/r6LrVmD/IMG-20210603-170216-370.jpg"
    },
    {
    "teks": "Nama : Mira cinggey\nFoto : 6\nVideo : 10\nSize : 83 MB\nDurasi : - Menit\nKualitas : HD\nRate : ⭐⭐⭐⭐\n\nDownload Link\nDownload : https://drive.google.com/file/d/1hcr06URPB2ID6EjzXJAXZuOdmtoZkPs9/view\nPassword file : AA18+#39",
    "image": "https://i.ibb.co/YTZ0TX5/IMG-20210603-170236-124.jpg"
    },
    {
    "teks": "Nama : Dewi\nFoto : 266\nVideo : 3\nSize : 150 MB\nDurasi : - Menit\nKualitas : HD\nRate : ⭐⭐⭐⭐\n\nDownload Link\nDownload : https://drive.google.com/file/d/1iVfhweyoExOcSCq-LHvJSHRp7pmbNmzg/view\nPassword file : AA18+#40",
    "image": "https://i.ibb.co/R29wSvK/IMG-20210603-170440-906.jpg"
    },
    {
    "teks": "Nama : Jenn\nFoto : 50\nVideo : 7\nSize : 105 MB\nDurasi : - Menit\nKualitas : HD+\nRate : ⭐⭐⭐⭐\n\nDownload Link\nDownload : https://drive.google.com/file/d/1jqYvhwGLp8BgTItHRQpONu1MX3o4o12d/view\nPassword file : AA18+#41",
    "image": "https://i.ibb.co/vsRRhtM/IMG-20210603-170521-064.jpg"
    },
    {
    "teks": "Nama : Yanna Davud\nFoto : 61\nVideo : 5\nSize : 22 MB\nDurasi : - Menit\nKualitas : HD\nRate : ⭐⭐⭐⭐\n\nDownload Link\nDownload : https://drive.google.com/file/d/1kIs0lNpZW-R5ub09GiQG6-wgdfagoZsV/view\nPassword file : AA18+#41",
    "image": "https://i.ibb.co/722Q10V/IMG-20210603-170655-739.jpg"
    },
    {
    "teks": "Nama : Nina fika luna\nFoto : 30\nVideo : 28\nSize : 153 MB\nDurasi : - Menit\nKualitas : HD\nRate : ⭐⭐⭐⭐\n\nDownload Link\nDownload : https://drive.google.com/file/d/1kirVFR8V7aYAvY_6s9v5QKyxy5hRQw-X/view\nPassword file : AA18+#42",
    "image": "https://i.ibb.co/rpG0gvb/IMG-20210603-170710-616.jpg"
    },
    {
    "teks": "Nama : Ain Penang\nFoto : 53\nVideo : 7\nSize : 42 MB\nDurasi : - Menit\nKualitas : HD\nRate : ⭐⭐⭐⭐\n\nDownload Link\nDownload : https://drive.google.com/file/d/1kzGeQKuKaQKiz6u_JEcPh9wuJGKVB-sv/view\nPassword file : AA18+#43",
    "image": "https://i.ibb.co/Yf2tkXh/IMG-20210603-170717-095.jpg"
    },
    {
    "teks": "Nama : Jilboobs\nFoto : -\nVideo : 8\nSize : 84 MB\nDurasi : - Menit\nKualitas : HD\nRate : ⭐⭐⭐\n\nDownload Link\nDownload : https://drive.google.com/file/d/1l6M6JXmNiHGaybQiHH39wucVhvLkTjkX/view\nPassword file : AA18+#44",
    "image": "https://i.ibb.co/5L84HJk/IMG-20210603-171034-244.jpg"
    },
    {
    "teks": "Nama : Kiki hijab\nFoto : -\nVideo : 14\nSize : 190 MB\nDurasi : - Menit\nKualitas : HD\nRate : ⭐⭐⭐⭐\n\nDownload Link\nDownload : https://drive.google.com/file/d/1lZDvGBclp35JxhWRpVSCrVOO5YhIQSSn/view\nPassword file : AA18+#45",
    "image": "https://i.ibb.co/RYrKQSg/IMG-20210603-171045-466.jpg"
    },
    {
    "teks": "Nama : Tifanny\nFoto : 117\nVideo : 4\nSize : 30 MB\nDurasi : - Menit\nKualitas : HD\nRate : ⭐⭐⭐⭐\n\nDownload Link\nDownload : https://drive.google.com/file/d/1lrO9YJ1-MJtHavMpN2kG3nmJSReJtzE6/view\nPassword file : AA18+#46",
    "image": "https://i.ibb.co/mbCBsTx/IMG-20210603-171133-889.jpg"
    },
    {
    "teks": "Nama : Vierannii\nFoto : 95\nVideo : -\nSize : 12 MB\nDurasi : - Menit\nKualitas : HD\nRate : ⭐⭐⭐⭐\n\nDownload Link\nDownload : https://drive.google.com/file/d/1lrOIZFT1n5XWqkX5uVq7xmmSpKjX70Mf/view\nPassword file : AA18+#47",
    "image": "https://i.ibb.co/G2CvxKc/IMG-20210603-171142-675.jpg"
    }
]
